{
  "dca_retina": {
    "reco2noisy": 0.3051313773758787,
    "reco2full": 0.6716680752096454,
    "noisy2full": 0.36408520056046567
  },
  "dca_kidney": {
    "reco2noisy": 0.25425883335049065,
    "reco2full": 0.6271971892668846,
    "noisy2full": 0.34716788724431397
  },
  "dca_pancreas": {
    "reco2noisy": 0.32672891611688726,
    "reco2full": 0.75645852028449,
    "noisy2full": 0.40566489673220246
  },
  "dca_intestine": {
    "reco2noisy": 0.3263482648417966,
    "reco2full": 0.7366287999846434,
    "noisy2full": 0.36622313107218546
  },
  "dca_glio_smart_highdepth": {
    "reco2noisy": 0.253453941468074,
    "reco2full": 0.5742047653441107,
    "noisy2full": 0.41287994038443304
  },
  "dca_lung_smart": {
    "reco2noisy": 0.2929322629623566,
    "reco2full": 0.6799304285729435,
    "noisy2full": 0.4058146119909684
  },
  "dca_SRX24486462": {
    "reco2noisy": 0.3614493556780958,
    "reco2full": 0.8497187656407926,
    "noisy2full": 0.405477083201895
  },
  "dca_SRX22526970": {
    "reco2noisy": 0.40684292516017173,
    "reco2full": 0.9259632284222029,
    "noisy2full": 0.4208710513498842
  }
}