{
  "dca_retina": {
    "reco2noisy": 0.18708003040147492,
    "reco2full": 0.5375408050839936,
    "noisy2full": 0.28529722899335186
  },
  "dca_kidney": {
    "reco2noisy": 0.18737912382445762,
    "reco2full": 0.5530717636256252,
    "noisy2full": 0.28840352529577423
  },
  "dca_pancreas": {
    "reco2noisy": null,
    "reco2full": null,
    "noisy2full": null
  },
  "dca_intestine": {
    "reco2noisy": 0.23096918371933917,
    "reco2full": 0.5936739769546783,
    "noisy2full": 0.3037102232316337
  },
  "dca_glio_smart_highdepth": {
    "reco2noisy": 0.20558431207540298,
    "reco2full": 0.4623858668334089,
    "noisy2full": 0.4146948512474692
  },
  "dca_lung_smart": {
    "reco2noisy": 0.24513868463267,
    "reco2full": 0.5707636043561085,
    "noisy2full": 0.4139264696659465
  },
  "dca_SRX24486462": {
    "reco2noisy": 0.305467794424349,
    "reco2full": 0.772732812535093,
    "noisy2full": 0.3712768569567752
  },
  "dca_SRX22526970": {
    "reco2noisy": 0.2987553354703558,
    "reco2full": 0.7615221920185389,
    "noisy2full": 0.356752805293769
  }
}